,Domain,Phylum,Class,Order,Family,Genus,Species
OUT1,B,S,NB,non-Bitter,NB,b,11
OUT2,B,S,NB,non-Bitter,NB,b,7
OUT3,B,S,NB,non-Bitter,NB,b,11
OUT4,B,S,NB,Bitter,NB,b,7
OUT5,B,S,NB,non-Bitter,NB,b,12
OUT6,B,S,NB,non-Bitter,NB,b,11
OUT7,B,S,NB,non-Bitter,NB,b,12
OUT8,B,S,NB,non-Bitter,NB,b,7
OUT9,B,S,NB,Bitter,NB,b,14
OUT10,B,S,NB,Bitter,NB,b,14
OUT11,B,S,NB,Bitter,NB,b,14
OUT12,B,S,NB,Bitter,NB,b,14
OUT13,B,S,NB,Bitter,NB,b,14
OUT14,B,S,NB,Bitter,NB,b,12
OUT15,B,S,NB,Bitter,NB,b,11
OUT16,B,S,NB,Bitter,NB,b,4
OUT17,B,S,NB,Bitter,NB,b,10
OUT18,B,S,NB,Bitter,NB,b,5
OUT19,B,S,NB,Bitter,NB,b,9
OUT20,B,S,NB,Bitter,NB,b,6
OUT21,B,S,NB,Bitter,NB,b,5
OUT22,B,S,NB,non-Bitter,NB,b,11
OUT23,B,S,NB,non-Bitter,NB,b,8
OUT24,B,S,NB,Bitter,NB,b,10
OUT25,B,S,NB,Bitter,NB,b,7
OUT26,B,S,NB,non-Bitter,NB,b,14
OUT27,B,S,NB,non-Bitter,NB,b,5
OUT28,B,S,NB,Bitter,NB,b,13
OUT29,B,S,NB,non-Bitter,NB,b,6
OUT30,B,S,NB,Bitter,NB,b,14
OUT31,B,S,NB,non-Bitter,NB,b,14
OUT32,B,S,NB,non-Bitter,NB,b,14
OUT33,B,S,NB,non-Bitter,NB,b,9
OUT34,B,S,NB,non-Bitter,NB,b,7
OUT35,B,S,NB,non-Bitter,NB,b,14
OUT36,B,S,NB,non-Bitter,NB,b,14
OUT37,B,S,NB,Bitter,NB,b,11
OUT38,B,S,NB,Bitter,NB,b,14
OUT39,B,S,NB,Bitter,NB,b,8
OUT40,B,S,NB,non-Bitter,NB,b,14
OUT41,B,S,NB,non-Bitter,NB,b,14
OUT42,B,S,NB,non-Bitter,NB,b,9
OUT43,B,S,NB,non-Bitter,NB,b,6
OUT44,B,S,NB,Bitter,NB,b,14
OUT45,B,S,NB,Bitter,NB,b,8
OUT46,B,S,NB,Bitter,NB,b,9
OUT47,B,S,NB,Bitter,NB,b,4
OUT48,B,S,NB,Bitter,NB,b,5
OUT49,B,S,NB,Bitter,NB,b,14
OUT50,B,S,NB,Bitter,NB,b,14
OUT51,B,S,NB,non-Bitter,NB,b,11
OUT52,B,S,NB,non-Bitter,NB,b,14
OUT53,B,S,NB,non-Bitter,NB,b,10
OUT54,B,S,NB,non-Bitter,NB,b,11
OUT55,B,S,NB,non-Bitter,NB,b,11
OUT56,B,S,NB,non-Bitter,NB,b,9
OUT57,B,S,NB,non-Bitter,NB,b,14
OUT58,B,S,NB,non-Bitter,NB,b,14
OUT59,B,S,NB,non-Bitter,NB,b,14
OUT60,B,S,NB,non-Bitter,NB,b,14
OUT61,B,S,NB,non-Bitter,NB,b,12
OUT62,B,S,NB,Bitter,NB,b,9
OUT63,B,S,NB,Bitter,NB,b,5
OUT64,B,S,NB,Bitter,NB,b,9
OUT65,B,S,NB,Bitter,NB,b,8
OUT66,B,S,NB,Bitter,NB,b,6
OUT67,B,S,NB,Bitter,NB,b,7
OUT68,B,S,NB,Bitter,NB,b,14
OUT69,B,S,NB,Bitter,NB,b,7
OUT70,B,S,NB,non-Bitter,NB,b,9
OUT71,B,S,NB,non-Bitter,NB,b,12
OUT72,B,S,NB,non-Bitter,NB,b,13
OUT73,B,S,NB,non-Bitter,NB,b,10
OUT74,B,S,NB,Bitter,NB,b,8
OUT75,B,S,NB,Bitter,NB,b,8
OUT76,B,S,NB,Bitter,NB,b,11
OUT77,B,S,NB,Bitter,NB,b,8
OUT78,B,S,NB,non-Bitter,NB,b,7
OUT79,B,S,NB,Bitter,NB,b,12
OUT80,B,S,NB,Bitter,NB,b,7
OUT81,B,S,NB,Bitter,NB,b,12
OUT82,B,S,NB,Bitter,NB,b,13
OUT83,B,S,NB,Bitter,NB,b,14
OUT84,B,S,NB,Bitter,NB,b,9
OUT85,B,S,NB,Bitter,NB,b,7
OUT86,B,S,NB,Bitter,NB,b,14
OUT87,B,S,NB,Bitter,NB,b,13
OUT88,B,S,NB,Bitter,NB,b,10
OUT89,B,S,NB,Bitter,NB,b,14
OUT90,B,S,NB,Bitter,NB,b,14
OUT91,B,S,NB,Bitter,NB,b,11
OUT92,B,S,NB,Bitter,NB,b,14
OUT93,B,S,NB,Bitter,NB,b,12
OUT94,B,S,NB,Bitter,NB,b,10
OUT95,B,S,NB,Bitter,NB,b,12
OUT96,B,S,NB,Bitter,NB,b,7
OUT97,B,S,NB,non-Bitter,NB,b,9
OUT98,B,S,NB,non-Bitter,NB,b,12
OUT99,B,S,NB,Bitter,NB,b,14
OUT100,B,S,NB,Bitter,NB,b,5
OUT101,B,S,NB,Bitter,NB,b,11
OUT102,B,S,NB,Bitter,NB,b,8
OUT103,B,S,NB,Bitter,NB,b,9
OUT104,B,S,NB,Bitter,NB,b,9
OUT105,B,S,NB,Bitter,NB,b,10
OUT106,B,S,NB,Bitter,NB,b,13
OUT107,B,S,NB,Bitter,NB,b,9
OUT108,B,S,NB,non-Bitter,NB,b,13
OUT109,B,S,NB,Bitter,NB,b,5
OUT110,B,S,NB,Bitter,NB,b,8
OUT111,B,S,NB,Bitter,NB,b,12
OUT112,B,S,NB,Bitter,NB,b,10
OUT113,B,S,NB,non-Bitter,NB,b,7
OUT114,B,S,NB,non-Bitter,NB,b,9
OUT115,B,S,NB,non-Bitter,NB,b,7
OUT116,B,S,NB,Bitter,NB,b,11
OUT117,B,S,NB,non-Bitter,NB,b,5
OUT118,B,S,NB,Bitter,NB,b,7
OUT119,B,S,NB,Bitter,NB,b,9
OUT120,B,S,NB,Bitter,NB,b,5
OUT121,B,S,NB,non-Bitter,NB,b,14
OUT122,B,S,NB,non-Bitter,NB,b,4
OUT123,B,S,NB,Bitter,NB,b,8
OUT124,B,S,NB,Bitter,NB,b,9
OUT125,B,S,NB,Bitter,NB,b,5
OUT126,B,S,NB,Bitter,NB,b,14
OUT127,B,S,NB,Bitter,NB,b,12
OUT128,B,S,NB,non-Bitter,NB,b,14
OUT129,B,S,NB,Bitter,NB,b,8
OUT130,B,S,NB,Bitter,NB,b,14
OUT131,B,S,NB,Bitter,NB,b,12
OUT132,B,S,NB,Bitter,NB,b,9
OUT133,B,S,NB,Bitter,NB,b,9
OUT134,B,S,NB,Bitter,NB,b,7
OUT135,B,S,NB,Bitter,NB,b,7
OUT136,B,S,NB,Bitter,NB,b,14
OUT137,B,S,NB,non-Bitter,NB,b,8
OUT138,B,S,NB,non-Bitter,NB,b,14
OUT139,B,S,NB,non-Bitter,NB,b,12
OUT140,B,S,NB,non-Bitter,NB,b,9
OUT141,B,S,NB,non-Bitter,NB,b,8
OUT142,B,S,NB,non-Bitter,NB,b,10
OUT143,B,S,NB,non-Bitter,NB,b,6
OUT144,B,S,NB,Bitter,NB,b,14
OUT145,B,S,NB,Bitter,NB,b,12
OUT146,B,S,NB,Bitter,NB,b,13
OUT147,B,S,NB,Bitter,NB,k,13
OUT148,B,S,NB,Bitter,NB,k,12
OUT149,B,S,NB,Bitter,NB,k,14
OUT150,B,S,NB,Bitter,NB,k,10
OUT151,B,S,NB,Bitter,NB,k,13
OUT152,B,S,NB,Bitter,NB,k,13
OUT153,B,S,NB,Bitter,NB,k,13
OUT154,B,S,NB,Bitter,NB,k,13
OUT155,B,S,NB,Bitter,NB,k,10
OUT156,B,S,NB,Bitter,NB,k,10
OUT157,B,S,NB,Bitter,NB,k,5
OUT158,B,S,NB,non-Bitter,NB,k,6
OUT159,B,S,NB,non-Bitter,NB,k,9
OUT160,B,S,NB,Bitter,NB,k,14
OUT161,B,S,NB,Bitter,NB,k,13
OUT162,B,S,NB,Bitter,NB,k,12
OUT163,B,S,NB,Bitter,NB,k,14
OUT164,B,S,NB,Bitter,NB,k,14
OUT165,B,S,NB,Bitter,NB,k,14
OUT166,B,S,NB,Bitter,NB,k,10
OUT167,B,S,NB,Bitter,NB,k,11
OUT168,B,S,NB,Bitter,NB,k,13
OUT169,B,S,NB,Bitter,NB,k,8
OUT170,B,S,NB,Bitter,NB,k,11
OUT171,B,S,NB,Bitter,NB,k,5
OUT172,B,S,NB,Bitter,NB,k,14
OUT173,B,S,NB,Bitter,NB,k,12
OUT174,B,S,NB,Bitter,NB,k,11
OUT175,B,S,NB,Bitter,NB,k,8
OUT176,B,S,NB,Bitter,NB,k,11
OUT177,B,S,NB,Bitter,NB,k,4
OUT178,B,S,NB,Bitter,NB,k,5
OUT179,B,S,NB,Bitter,NB,k,7
OUT180,B,S,NB,non-Bitter,NB,k,14
OUT181,B,S,NB,non-Bitter,NB,k,14
OUT182,B,S,NB,non-Bitter,NB,k,10
OUT183,B,S,NB,non-Bitter,NB,k,9
OUT184,B,S,NB,Bitter,NB,k,14
OUT185,B,S,NB,non-Bitter,NB,k,14
OUT186,B,S,NB,non-Bitter,NB,k,9
OUT187,B,S,NB,non-Bitter,NB,k,12
OUT188,B,S,NB,non-Bitter,NB,k,6
OUT189,B,S,NB,non-Bitter,NB,k,8
OUT190,B,S,NB,non-Bitter,NB,k,8
OUT191,B,S,NB,non-Bitter,NB,k,8
OUT192,B,S,NB,non-Bitter,NB,k,6
OUT193,B,S,NB,non-Bitter,NB,k,4
OUT194,B,S,NB,non-Bitter,NB,k,4
OUT195,B,S,NB,Bitter,NB,k,7
OUT196,B,S,NB,Bitter,NB,k,4
OUT197,B,S,NB,non-Bitter,NB,k,6
OUT198,B,S,NB,non-Bitter,NB,k,14
OUT199,B,S,NB,non-Bitter,NB,k,14
OUT200,B,S,NB,non-Bitter,NB,k,14
OUT201,B,S,NB,non-Bitter,NB,k,14
OUT202,B,S,NB,non-Bitter,NB,k,10
OUT203,B,S,NB,non-Bitter,NB,k,14
OUT204,B,S,NB,non-Bitter,NB,k,14
OUT205,B,S,NB,non-Bitter,NB,k,14
OUT206,B,S,NB,Bitter,NB,k,14
OUT207,B,S,NB,Bitter,NB,k,7
OUT208,B,S,NB,Bitter,NB,k,8
OUT209,B,S,NB,Bitter,NB,k,11
OUT210,B,S,NB,Bitter,NB,k,8
OUT211,B,S,NB,Bitter,NB,k,12
OUT212,B,S,NB,Bitter,NB,k,6
OUT213,B,S,NB,Bitter,NB,k,7
OUT214,B,S,NB,non-Bitter,NB,k,7
OUT215,B,S,NB,Bitter,NB,k,4
OUT216,B,S,NB,non-Bitter,NB,k,7
OUT217,B,S,NB,non-Bitter,NB,k,5
OUT218,B,S,NB,non-Bitter,NB,k,13
OUT219,B,S,NB,non-Bitter,NB,k,12
OUT220,B,S,NB,Bitter,NB,k,8
OUT221,B,S,NB,Bitter,NB,k,5
OUT222,B,S,NB,non-Bitter,NB,k,8
OUT223,B,S,NB,non-Bitter,NB,k,14
OUT224,B,S,NB,non-Bitter,NB,k,11
OUT225,B,S,NB,non-Bitter,NB,k,14
OUT226,B,S,NB,non-Bitter,NB,k,14
OUT227,B,S,NB,non-Bitter,NB,k,14
OUT228,B,S,NB,Bitter,NB,k,5
OUT229,B,S,NB,Bitter,NB,k,7
OUT230,NB,S,NB,Bitter,NB,k,5
OUT231,NB,S,NB,non-Bitter,NB,k,14
OUT232,NB,S,NB,Bitter,NB,k,12
OUT233,NB,S,NB,non-Bitter,NB,k,6
OUT234,NB,S,NB,non-Bitter,NB,k,8
OUT235,NB,S,NB,non-Bitter,NB,k,9
OUT236,NB,S,NB,non-Bitter,NB,k,14
OUT237,NB,S,NB,non-Bitter,NB,k,4
OUT238,NB,S,NB,non-Bitter,NB,k,7
OUT239,NB,S,NB,non-Bitter,NB,k,9
OUT240,NB,S,NB,non-Bitter,NB,k,6
OUT241,NB,S,NB,non-Bitter,NB,k,7
OUT242,NB,S,NB,non-Bitter,NB,k,5
OUT243,NB,S,NB,non-Bitter,NB,k,10
OUT244,NB,S,NB,non-Bitter,NB,k,13
OUT245,NB,S,NB,Bitter,NB,k,6
OUT246,NB,S,NB,Bitter,NB,k,4
OUT247,NB,S,NB,Bitter,NB,k,10
OUT248,NB,S,NB,Bitter,NB,k,10
OUT249,NB,S,NB,Bitter,NB,k,11
OUT250,NB,S,NB,Bitter,NB,k,6
OUT251,NB,S,NB,Bitter,NB,k,8
OUT252,NB,S,NB,non-Bitter,NB,k,5
OUT253,NB,S,NB,non-Bitter,NB,k,5
OUT254,NB,S,NB,Bitter,NB,k,12
OUT255,NB,S,NB,non-Bitter,NB,k,13
OUT256,NB,S,NB,Bitter,NB,k,5
OUT257,NB,S,NB,Bitter,NB,k,5
OUT258,NB,S,NB,Bitter,NB,k,5
OUT259,NB,S,NB,non-Bitter,NB,k,11
OUT260,NB,S,NB,non-Bitter,NB,k,8
OUT261,NB,S,NB,Bitter,NB,k,5
OUT262,NB,S,NB,Bitter,NB,k,7
OUT263,NB,S,NB,non-Bitter,NB,k,14
OUT264,NB,S,NB,non-Bitter,NB,k,12
OUT265,NB,S,NB,non-Bitter,NB,k,11
OUT266,NB,S,NB,non-Bitter,NB,k,9
OUT267,NB,S,NB,non-Bitter,NB,k,7
OUT268,NB,S,NB,Bitter,NB,k,5
OUT269,NB,S,NB,non-Bitter,NB,k,14
OUT270,NB,S,NB,non-Bitter,NB,k,7
OUT271,NB,S,NB,Bitter,NB,k,10
OUT272,NB,S,NB,non-Bitter,NB,k,10
OUT273,NB,S,NB,Bitter,NB,k,11
OUT274,NB,S,NB,Bitter,NB,k,6
OUT275,NB,S,NB,Bitter,NB,k,8
OUT276,NB,S,NB,Bitter,NB,k,12
OUT277,NB,S,NB,Bitter,NB,k,7
OUT278,NB,S,NB,non-Bitter,NB,k,7
OUT279,NB,S,NB,Bitter,NB,k,11
OUT280,NB,S,NB,Bitter,NB,k,7
OUT281,NB,S,NB,Bitter,NB,k,9
OUT282,NB,S,NB,Bitter,NB,k,10
OUT283,NB,S,NB,Bitter,NB,k,8
OUT284,NB,S,NB,Bitter,NB,k,4
OUT285,NB,S,NB,Bitter,NB,k,12
OUT286,NB,S,NB,Bitter,NB,k,10
OUT287,NB,S,NB,Bitter,NB,k,10
OUT288,NB,S,NB,Bitter,NB,k,8
OUT289,NB,S,NB,Bitter,NB,k,9
OUT290,NB,S,NB,Bitter,NB,k,9
OUT291,NB,S,NB,Bitter,NB,k,7
OUT292,NB,S,NB,Bitter,NB,k,4
OUT293,NB,S,NB,non-Bitter,NB,k,12
OUT294,NB,S,NB,non-Bitter,NB,k,11
OUT295,NB,S,NB,non-Bitter,NB,k,12
OUT296,NB,S,NB,non-Bitter,NB,k,4
OUT297,NB,S,NB,non-Bitter,NB,k,5
OUT298,NB,S,NB,non-Bitter,NB,k,7
OUT299,NB,S,NB,non-Bitter,NB,k,6
OUT300,NB,S,NB,non-Bitter,NB,k,5
OUT301,NB,S,NB,Bitter,NB,k,6
OUT302,NB,S,NB,Bitter,NB,k,7
OUT303,NB,S,NB,Bitter,NB,k,6
OUT304,NB,S,NB,non-Bitter,NB,k,8
OUT305,NB,S,NB,Bitter,NB,k,7
OUT306,NB,S,NB,Bitter,NB,k,9
OUT307,NB,S,NB,non-Bitter,NB,k,5
OUT308,NB,S,NB,non-Bitter,NB,k,10
OUT309,NB,S,NB,non-Bitter,NB,k,12
OUT310,NB,S,NB,non-Bitter,NB,k,14
OUT311,NB,S,NB,non-Bitter,NB,k,12
OUT312,NB,S,NB,non-Bitter,NB,k,13
OUT313,NB,S,NB,non-Bitter,NB,k,14
OUT314,NB,S,NB,non-Bitter,NB,k,14
OUT315,NB,S,NB,non-Bitter,NB,k,4
OUT316,NB,S,NB,non-Bitter,NB,k,7
OUT317,NB,S,NB,non-Bitter,NB,k,6
OUT318,NB,S,NB,non-Bitter,NB,k,6
OUT319,NB,S,NB,non-Bitter,NB,k,7
OUT320,NB,S,NB,non-Bitter,NB,k,14
OUT321,NB,S,NB,non-Bitter,NB,k,14
OUT322,NB,S,NB,non-Bitter,NB,k,13
OUT323,NB,S,NB,non-Bitter,NB,k,11
OUT324,NB,S,NB,non-Bitter,NB,k,11
OUT325,NB,S,NB,non-Bitter,NB,k,6
OUT326,NB,S,NB,non-Bitter,NB,k,4
OUT327,NB,S,NB,non-Bitter,NB,k,4
OUT328,NB,S,NB,non-Bitter,NB,k,8
OUT329,NB,S,NB,non-Bitter,NB,k,12
OUT330,NB,S,NB,non-Bitter,NB,k,10
OUT331,NB,S,NB,non-Bitter,NB,k,4
OUT332,NB,S,NB,non-Bitter,NB,as2,5
OUT333,NB,M,NB,non-Bitter,NB,as2,14
OUT334,NB,M,NB,non-Bitter,NB,as2,6
OUT335,NB,M,NB,non-Bitter,NB,as2,5
OUT336,NB,M,NB,non-Bitter,NB,as2,12
OUT337,NB,M,NB,Bitter,NB,as2,14
OUT338,NB,M,NB,non-Bitter,NB,as2,4
OUT339,NB,M,NB,non-Bitter,NB,as2,9
OUT340,NB,M,NB,non-Bitter,NB,as2,4
OUT341,NB,M,NB,non-Bitter,NB,as2,10
OUT342,NB,M,NB,non-Bitter,NB,as2,4
OUT343,NB,M,NB,non-Bitter,NB,as2,13
OUT344,NB,M,NB,non-Bitter,NB,as2,5
OUT345,NB,M,NB,non-Bitter,NB,as2,9
OUT346,NB,M,NB,non-Bitter,NB,as2,13
OUT347,NB,M,NB,non-Bitter,NB,as2,14
OUT348,NB,M,NB,non-Bitter,NB,as2,11
OUT349,NB,M,NB,non-Bitter,NB,as2,5
OUT350,NB,M,NB,non-Bitter,NB,as2,8
OUT351,NB,M,NB,Bitter,NB,as2,12
OUT352,NB,M,NB,Bitter,NB,as2,7
OUT353,NB,M,NB,non-Bitter,NB,as2,12
OUT354,NB,M,NB,non-Bitter,NB,as2,8
OUT355,NB,M,NB,non-Bitter,NB,as2,8
OUT356,NB,M,NB,non-Bitter,NB,as2,14
OUT357,NB,M,NB,Bitter,NB,as2,14
OUT358,NB,M,NB,Bitter,NB,as2,11
OUT359,NB,M,NB,Bitter,NB,as2,7
OUT360,NB,M,NB,Bitter,NB,as2,4
OUT361,NB,M,NB,Bitter,NB,as2,14
OUT362,NB,M,NB,Bitter,NB,as2,13
OUT363,NB,M,NB,Bitter,NB,as2,14
OUT364,NB,M,NB,Bitter,NB,as2,14
OUT365,NB,M,NB,Bitter,NB,as2,13
OUT366,NB,M,NB,Bitter,NB,as2,5
OUT367,NB,M,NB,Bitter,NB,as2,13
OUT368,NB,M,NB,Bitter,NB,as2,14
OUT369,NB,M,NB,Bitter,NB,as2,9
OUT370,NB,M,NB,Bitter,NB,as2,7
OUT371,NB,M,NB,non-Bitter,NB,as2,4
OUT372,NB,M,NB,non-Bitter,NB,as2,6
OUT373,NB,M,NB,non-Bitter,NB,as2,5
OUT374,NB,M,NB,Bitter,NB,as2,8
OUT375,NB,M,NB,Bitter,NB,as2,6
OUT376,NB,M,NB,Bitter,NB,as2,10
OUT377,NB,M,NB,Bitter,NB,as2,10
OUT378,NB,M,NB,Bitter,NB,as2,4
OUT379,NB,M,NB,Bitter,NB,as2,9
OUT380,NB,M,NB,Bitter,NB,as2,5
OUT381,NB,M,NB,Bitter,NB,as2,9
OUT382,NB,M,NB,Bitter,NB,as2,5
OUT383,NB,M,NB,non-Bitter,NB,as2,6
OUT384,NB,M,NB,non-Bitter,NB,as2,8
OUT385,NB,M,B,Bitter,NB,as2,9
OUT386,NB,M,B,Bitter,NB,as2,7
OUT387,NB,M,B,non-Bitter,NB,as2,7
OUT388,NB,M,B,non-Bitter,NB,as2,12
OUT389,NB,M,B,non-Bitter,NB,as2,4
OUT390,NB,M,B,non-Bitter,NB,as2,7
OUT391,NB,M,B,non-Bitter,NB,as2,8
OUT392,NB,M,B,non-Bitter,NB,as2,4
OUT393,NB,M,B,non-Bitter,NB,as2,4
OUT394,NB,M,B,non-Bitter,NB,as2,14
OUT395,NB,M,B,non-Bitter,NB,as2,5
OUT396,NB,M,B,Bitter,NB,as2,14
OUT397,NB,M,B,Bitter,NB,as2,14
OUT398,NB,M,B,Bitter,NB,as2,10
OUT399,NB,M,B,Bitter,NB,as2,14
OUT400,NB,M,B,Bitter,NB,as2,13
OUT401,NB,M,B,Bitter,NB,as2,10
OUT402,NB,M,B,Bitter,NB,as2,12
OUT403,NB,M,B,Bitter,NB,as2,9
OUT404,NB,M,B,Bitter,NB,as2,7
OUT405,NB,M,B,Bitter,NB,as2,10
OUT406,NB,M,B,Bitter,NB,as2,14
OUT407,NB,M,B,Bitter,NB,as2,8
OUT408,NB,M,B,Bitter,NB,as2,14
OUT409,NB,M,B,Bitter,NB,as2,6
OUT410,NB,M,B,non-Bitter,NB,as2,9
OUT411,NB,M,B,Bitter,NB,as2,14
OUT412,NB,M,B,Bitter,NB,as2,11
OUT413,NB,M,B,non-Bitter,NB,as2,7
OUT414,NB,M,B,non-Bitter,NB,as2,14
OUT415,NB,M,B,non-Bitter,NB,as2,14
OUT416,NB,M,B,non-Bitter,NB,as2,12
OUT417,NB,M,B,Bitter,NB,as2,8
OUT418,NB,L,B,Bitter,NB,as2,4
OUT419,NB,L,B,Bitter,NB,as2,9
OUT420,NB,L,B,Bitter,NB,as2,6
OUT421,NB,L,B,Bitter,NB,as2,7
OUT422,NB,L,B,non-Bitter,NB,as2,14
OUT423,NB,L,B,non-Bitter,NB,as2,14
OUT424,NB,L,B,non-Bitter,B,as2,8
OUT425,NB,L,B,non-Bitter,B,as2,7
OUT426,NB,L,B,non-Bitter,B,as2,5
OUT427,NB,L,B,non-Bitter,B,as2,14
OUT428,NB,L,B,non-Bitter,B,as2,10
OUT429,NB,L,B,non-Bitter,B,as2,11
OUT430,NB,L,B,non-Bitter,B,as2,7
OUT431,NB,L,B,non-Bitter,B,as2,12
OUT432,NB,L,B,non-Bitter,B,as2,12
OUT433,NB,L,B,non-Bitter,B,as2,11
OUT434,NB,L,B,non-Bitter,B,as2,5
OUT435,NB,L,B,non-Bitter,B,as2,7
OUT436,NB,L,B,non-Bitter,B,as2,6
OUT437,NB,L,B,non-Bitter,B,as2,10
OUT438,NB,L,B,Bitter,B,as2,14
OUT439,NB,L,B,Bitter,B,as2,7
OUT440,NB,L,B,non-Bitter,B,as2,4
OUT441,NB,L,B,Bitter,B,as2,8
OUT442,NB,L,B,Bitter,B,as2,9
OUT443,NB,L,B,Bitter,B,as2,8
OUT444,NB,L,B,Bitter,B,as2,13
OUT445,NB,L,B,Bitter,B,as2,13
OUT446,NB,L,B,Bitter,B,as2,7
OUT447,NB,L,B,Bitter,B,as2,13
OUT448,NB,L,B,Bitter,B,as2,9
OUT449,NB,L,B,Bitter,B,as2,13
OUT450,NB,L,B,Bitter,B,as2,14
OUT451,NB,L,B,non-Bitter,B,as2,10
OUT452,NB,L,B,Bitter,B,as2,4
OUT453,NB,L,B,non-Bitter,B,as2,12
OUT454,NB,L,B,Bitter,B,as2,9
OUT455,NB,L,B,non-Bitter,B,as2,4
OUT456,NB,L,B,Bitter,B,as2,4
OUT457,NB,L,B,Bitter,B,as2,14
OUT458,NB,L,B,Bitter,B,as2,14
OUT459,NB,L,B,non-Bitter,B,as2,9
OUT460,NB,L,B,Bitter,B,as2,11
OUT461,NB,L,B,non-Bitter,B,as2,4
OUT462,NB,L,B,non-Bitter,B,as2,14
OUT463,NB,L,B,non-Bitter,B,as2,10
OUT464,NB,L,B,non-Bitter,B,as2,4
OUT465,NB,L,B,Bitter,B,as2,8
OUT466,NB,L,B,Bitter,B,as2,9
OUT467,NB,L,B,Bitter,B,as2,13
OUT468,NB,L,B,Bitter,B,as2,8
OUT469,NB,L,B,Bitter,B,as2,9
OUT470,NB,L,B,Bitter,B,as2,12
OUT471,NB,L,B,Bitter,B,as2,6
OUT472,NB,L,B,Bitter,B,as2,11
OUT473,NB,L,B,Bitter,B,as2,14
OUT474,ID,L,B,non-Bitter,B,as2,9
OUT475,ID,L,B,non-Bitter,B,as2,13
OUT476,ID,L,B,Bitter,B,as2,13
OUT477,ID,L,B,Bitter,B,as2,14
OUT478,ID,L,B,Bitter,B,as2,13
OUT479,ID,L,B,Bitter,B,as2,12
OUT480,ID,L,B,Bitter,B,as2,14
OUT481,ID,L,B,Bitter,B,as2,12
OUT482,ID,L,B,Bitter,B,as2,12
OUT483,ID,L,B,Bitter,B,as2,10
OUT484,ID,L,B,Bitter,B,as2,10
OUT485,ID,L,B,Bitter,B,as2,14
OUT486,ID,L,B,Bitter,B,as2,13
OUT487,ID,L,B,Bitter,B,as2,13
OUT488,ID,L,B,Bitter,B,as2,13
OUT489,ID,L,B,Bitter,B,as2,9
OUT490,ID,L,B,Bitter,B,as2,6
OUT491,ID,L,B,non-Bitter,B,as2,14
OUT492,ID,L,B,non-Bitter,B,as2,6
OUT493,ID,L,B,Bitter,B,as2,9
OUT494,ID,L,B,Bitter,B,as2,9
OUT495,ID,L,B,non-Bitter,B,as2,6
OUT496,ID,L,B,Bitter,B,as2,8
OUT497,ID,L,B,Bitter,B,as2,4
OUT498,ID,L,B,non-Bitter,B,as2,14
OUT499,ID,L,B,non-Bitter,B,as2,14
OUT500,ID,L,B,non-Bitter,B,as2,14
OUT501,ID,L,B,non-Bitter,B,as2,5
OUT502,ID,L,B,non-Bitter,B,as2,10
OUT503,ID,L,B,non-Bitter,B,as2,4
OUT504,ID,L,B,non-Bitter,B,as2,12
OUT505,ID,L,B,Bitter,B,as2,13
OUT506,ID,L,B,Bitter,B,as2,9
OUT507,ID,L,B,Bitter,B,as2,8
OUT508,ID,L,B,Bitter,B,as2,7
OUT509,ID,L,B,non-Bitter,B,as2,5
OUT510,ID,L,B,non-Bitter,B,as2,14
OUT511,ID,L,B,Bitter,B,as2,14
OUT512,ID,L,B,Bitter,B,as2,14
OUT513,ID,L,B,Bitter,B,as2,9
OUT514,ID,L,B,Bitter,B,as2,13
OUT515,ID,L,B,Bitter,B,as2,14
OUT516,ID,L,B,Bitter,B,as2,6
OUT517,ID,L,B,Bitter,B,as2,13
OUT518,ID,L,B,Bitter,B,as2,11
OUT519,ID,L,B,Bitter,B,as2,6
OUT520,ID,L,B,Bitter,B,as2,4
OUT521,ID,L,B,Bitter,B,as2,7
OUT522,ID,L,B,Bitter,B,as2,5
OUT523,ID,L,B,Bitter,B,as2,7
OUT524,ID,L,B,Bitter,B,as2,5
OUT525,ID,L,B,Bitter,B,as2,7
OUT526,ID,L,B,Bitter,B,as2,14
OUT527,ID,L,B,Bitter,B,as2,10
OUT528,ID,L,B,Bitter,B,as2,4
OUT529,ID,L,B,Bitter,B,as2,4
OUT530,ID,L,B,Bitter,B,as2,6
OUT531,ID,L,B,Bitter,B,as2,8
OUT532,ID,L,B,non-Bitter,B,as2,11
OUT533,ID,L,B,non-Bitter,B,as2,14
OUT534,ID,L,B,non-Bitter,B,as2,12
OUT535,ID,L,B,non-Bitter,B,as2,14
OUT536,ID,L,B,non-Bitter,B,as2,13
OUT537,ID,L,B,non-Bitter,B,as2,4
OUT538,ID,L,B,Bitter,B,as2,4
OUT539,ID,L,B,Bitter,B,as2,4
OUT540,ID,L,B,Bitter,B,as2,9
OUT541,ID,L,B,Bitter,B,as2,14
OUT542,ID,L,B,Bitter,B,as2,14
OUT543,ID,L,B,Bitter,B,as2,14
OUT544,ID,L,B,Bitter,B,as2,14
OUT545,ID,L,B,Bitter,B,as2,11
OUT546,ID,L,B,Bitter,B,as2,14
OUT547,ID,L,B,Bitter,B,as2,14
OUT548,ID,L,B,Bitter,B,as2,5
OUT549,ID,L,B,Bitter,B,as2,5
OUT550,ID,L,B,Bitter,B,as2,4
OUT551,ID,L,B,Bitter,B,as2,4
OUT552,ID,L,B,Bitter,B,as2,4
OUT553,ID,L,B,Bitter,B,as2,4
OUT554,ID,L,B,non-Bitter,B,as2,4
OUT555,ID,L,B,non-Bitter,B,as2,14
OUT556,ID,L,B,non-Bitter,B,as2,14
OUT557,ID,L,B,non-Bitter,B,as2,9
OUT558,ID,L,B,non-Bitter,B,as2,13
OUT559,ID,L,B,non-Bitter,B,as2,12
OUT560,ID,L,B,Bitter,B,as2,14
OUT561,ID,L,B,non-Bitter,B,as2,8
OUT562,ID,L,B,non-Bitter,B,as2,11
OUT563,ID,L,B,non-Bitter,B,as2,7
OUT564,ID,L,B,non-Bitter,B,as2,5
OUT565,ID,L,B,non-Bitter,B,as2,14
OUT566,ID,L,B,non-Bitter,B,as2,11
OUT567,ID,L,B,non-Bitter,B,as2,13
OUT568,ID,L,B,non-Bitter,B,as2,10
OUT569,ID,L,B,non-Bitter,B,as2,5
OUT570,ID,L,B,non-Bitter,B,as2,7
OUT571,ID,L,B,non-Bitter,B,as2,6
OUT572,ID,L,B,non-Bitter,B,as2,9
OUT573,ID,L,B,non-Bitter,B,as2,9
OUT574,ID,L,B,non-Bitter,B,as2,7
OUT575,ID,L,B,non-Bitter,B,as2,11
OUT576,ID,L,B,non-Bitter,B,as2,10
OUT577,ID,L,B,non-Bitter,B,as2,6
OUT578,ID,L,B,non-Bitter,B,as2,8
OUT579,ID,L,B,Bitter,B,as2,14
OUT580,ID,L,B,Bitter,B,as2,13
OUT581,ID,L,B,Bitter,B,as2,6
OUT582,ID,L,B,Bitter,B,as2,7
OUT583,ID,L,B,Bitter,B,as2,10
OUT584,ID,L,B,Bitter,B,as2,7
OUT585,ID,L,B,Bitter,B,as2,7
OUT586,ID,L,B,non-Bitter,B,as2,8
OUT587,ID,L,B,non-Bitter,B,as2,9
OUT588,ID,L,B,non-Bitter,B,as1,14
OUT589,ID,L,B,non-Bitter,B,as1,8
OUT590,ID,L,B,non-Bitter,B,as1,14
OUT591,ID,L,B,non-Bitter,B,as1,11
OUT592,ID,L,B,non-Bitter,B,as1,9
OUT593,ID,L,B,non-Bitter,B,as1,4
OUT594,ID,L,B,non-Bitter,B,as1,8
OUT595,ID,L,B,non-Bitter,B,as1,4
OUT596,ID,L,B,non-Bitter,B,as1,4
OUT597,ID,L,B,non-Bitter,B,as1,5
OUT598,ID,L,B,non-Bitter,B,as1,6
OUT599,ID,L,B,non-Bitter,B,as1,12
OUT600,ID,L,B,non-Bitter,B,as1,6
OUT601,ID,L,B,non-Bitter,B,as1,4
OUT602,ID,L,B,non-Bitter,B,as1,7
OUT603,ID,L,B,non-Bitter,B,as1,10
OUT604,ID,L,B,non-Bitter,B,as1,6
OUT605,ID,L,B,non-Bitter,B,as1,6
OUT606,ID,L,B,non-Bitter,B,as1,9
OUT607,ID,L,B,non-Bitter,B,as1,11
OUT608,ID,L,B,non-Bitter,B,as1,12
OUT609,ID,L,B,non-Bitter,B,as1,14
OUT610,ID,L,B,non-Bitter,B,as1,13
OUT611,ID,L,B,non-Bitter,B,as1,8
OUT612,ID,L,B,non-Bitter,B,as1,5
OUT613,ID,L,B,Bitter,B,as1,14
OUT614,ID,L,B,Bitter,B,as1,5
OUT615,ID,L,B,Bitter,B,as1,4
OUT616,ID,L,B,non-Bitter,B,as1,10
OUT617,ID,L,B,non-Bitter,B,as1,9
OUT618,ID,L,B,non-Bitter,B,as1,12
OUT619,ID,L,B,non-Bitter,B,as1,8
OUT620,ID,L,B,non-Bitter,B,as1,8
OUT621,ID,L,B,non-Bitter,B,as1,9
OUT622,ID,L,B,Bitter,B,as1,14
OUT623,ID,L,B,Bitter,B,as1,14
OUT624,ID,L,B,Bitter,B,as1,13
OUT625,ID,L,B,Bitter,B,as1,14
OUT626,ID,L,B,Bitter,B,as1,14
OUT627,ID,L,B,Bitter,B,as1,4
OUT628,ID,L,B,Bitter,B,as1,14
OUT629,ID,L,B,Bitter,B,as1,6
OUT630,ID,L,B,Bitter,B,as1,8
OUT631,ID,L,B,Bitter,B,as1,5
OUT632,ID,L,B,non-Bitter,B,as1,14
OUT633,ID,L,B,Bitter,B,as1,14
OUT634,ID,L,B,Bitter,B,as1,14
OUT635,ID,L,B,Bitter,B,as1,14
OUT636,ID,L,B,Bitter,B,as1,14
OUT637,ID,L,B,Bitter,B,as1,5
OUT638,ID,L,B,Bitter,B,as1,10
OUT639,ID,L,B,Bitter,B,as1,10
OUT640,ID,L,B,Bitter,B,as1,5
OUT641,ID,L,B,Bitter,B,as1,14
OUT642,ID,L,B,Bitter,B,as1,12
OUT643,ID,L,B,Bitter,B,as1,14
OUT644,ID,L,B,Bitter,B,as1,14
OUT645,ID,L,B,Bitter,B,as1,14
OUT646,ID,L,B,Bitter,B,as1,14
OUT647,ID,L,B,Bitter,B,as1,10
OUT648,ID,L,B,Bitter,B,as1,8
OUT649,ID,L,B,Bitter,B,as1,12
OUT650,ID,L,B,Bitter,B,as1,13
OUT651,ID,L,B,Bitter,B,as1,8
OUT652,ID,L,B,Bitter,B,as1,5
OUT653,ID,L,B,non-Bitter,B,as1,12
OUT654,ID,L,B,non-Bitter,B,as1,13
OUT655,ID,L,B,Bitter,B,as1,14
OUT656,ID,L,B,non-Bitter,B,as1,12
OUT657,ID,L,B,non-Bitter,B,as1,6
OUT658,ID,L,B,non-Bitter,B,as1,13
OUT659,ID,L,B,non-Bitter,B,as1,6
OUT660,ID,L,B,non-Bitter,B,as1,10
OUT661,ID,L,B,Bitter,B,as1,11
OUT662,ID,L,B,Bitter,B,as1,13
OUT663,ID,L,B,Bitter,B,as1,11
OUT664,ID,L,B,Bitter,B,as1,11
OUT665,ID,L,B,Bitter,B,as1,8
OUT666,ID,L,B,Bitter,B,as1,4
OUT667,ID,L,B,Bitter,B,as1,6
OUT668,ID,L,B,Bitter,B,as1,9
OUT669,ID,L,B,non-Bitter,B,as1,14
OUT670,ID,L,B,non-Bitter,B,as1,11
OUT671,ID,L,B,non-Bitter,B,as1,13
OUT672,ID,L,B,non-Bitter,B,as1,14
OUT673,ID,L,B,non-Bitter,B,as1,11
OUT674,ID,L,B,non-Bitter,B,as1,14
OUT675,ID,L,B,non-Bitter,B,as1,6
OUT676,ID,L,B,non-Bitter,B,as1,4
OUT677,ID,L,B,non-Bitter,B,as1,8
OUT678,ID,L,B,non-Bitter,B,as1,6
OUT679,ID,L,B,non-Bitter,B,as1,6
OUT680,ID,L,B,non-Bitter,B,as1,5
OUT681,ID,L,B,non-Bitter,B,as1,4
OUT682,ID,L,B,non-Bitter,B,as1,4
OUT683,ID,L,B,Bitter,B,as1,14
OUT684,ID,L,B,Bitter,B,as1,10
OUT685,ID,L,B,Bitter,B,as1,10
OUT686,ID,L,B,Bitter,B,as1,8
OUT687,ID,L,B,Bitter,B,as1,14
OUT688,ID,L,B,Bitter,B,as1,14
OUT689,ID,L,B,Bitter,B,as1,11
OUT690,ID,L,B,Bitter,B,as1,10
OUT691,ID,L,B,Bitter,B,as1,9
OUT692,ID,L,B,non-Bitter,B,as1,14
OUT693,ID,L,B,Bitter,B,as1,14
OUT694,ID,L,B,Bitter,B,as1,14
OUT695,ID,L,B,Bitter,B,as1,11
OUT696,ID,L,B,Bitter,B,as1,6
OUT697,ID,L,B,Bitter,B,as1,8
OUT698,ID,L,B,non-Bitter,B,as1,14
OUT699,ID,L,B,non-Bitter,B,as1,13
OUT700,ID,L,B,non-Bitter,B,as1,11
OUT701,ID,L,B,Bitter,B,as1,9
OUT702,ID,L,B,Bitter,B,as1,4
OUT703,ID,L,B,Bitter,B,as1,8
OUT704,ID,L,B,non-Bitter,B,as1,14
OUT705,ID,L,B,non-Bitter,B,as1,12
OUT706,ID,L,B,Bitter,B,as1,8
OUT707,ID,L,B,non-Bitter,B,as1,10
OUT708,ID,L,B,Bitter,B,as1,4
OUT709,ID,L,B,Bitter,B,as1,14
OUT710,ID,L,B,Bitter,B,as1,14
OUT711,ID,L,B,Bitter,B,as1,14
OUT712,ID,L,B,Bitter,B,as1,14
OUT713,ID,L,B,Bitter,B,as1,10
OUT714,ID,L,B,Bitter,B,as1,14
OUT715,ID,L,B,Bitter,B,as1,7
OUT716,ID,L,B,Bitter,B,as1,14
OUT717,ID,L,B,Bitter,B,as1,14
OUT718,ID,L,B,Bitter,B,as1,14
OUT719,ID,L,B,Bitter,B,as1,14
OUT720,ID,L,B,Bitter,B,as1,9
OUT721,ID,L,B,Bitter,B,as1,13
OUT722,ID,L,B,Bitter,B,as1,12
OUT723,ID,L,B,Bitter,B,as1,8
OUT724,ID,L,B,non-Bitter,B,as1,10
OUT725,ID,L,B,non-Bitter,B,as1,7
OUT726,ID,L,B,non-Bitter,B,as1,7
OUT727,ID,L,B,non-Bitter,B,as1,9
OUT728,ID,L,B,non-Bitter,B,as1,5
OUT729,ID,L,B,non-Bitter,B,as1,6
OUT730,ID,L,B,non-Bitter,B,as1,8
OUT731,ID,L,B,non-Bitter,B,as1,4
OUT732,ID,L,B,non-Bitter,B,as1,7
OUT733,ID,L,B,Bitter,B,as1,14
OUT734,ID,L,B,Bitter,B,as1,10
OUT735,ID,L,B,Bitter,B,as1,11
OUT736,ID,L,B,Bitter,B,as1,8
OUT737,ID,L,B,Bitter,B,as1,10
OUT738,ID,L,B,Bitter,B,as1,7
OUT739,ID,L,B,non-Bitter,B,as1,11
OUT740,ID,L,B,Bitter,B,as1,14
OUT741,ID,L,B,Bitter,B,as1,14
OUT742,ID,L,B,Bitter,B,as1,14
OUT743,ID,L,B,Bitter,B,as1,14
OUT744,ID,L,B,Bitter,B,as1,14
OUT745,ID,L,B,Bitter,B,as1,13
OUT746,ID,L,B,Bitter,B,as1,8
OUT747,ID,L,B,Bitter,B,as1,9
OUT748,ID,L,B,non-Bitter,B,as1,14
OUT749,ID,L,B,non-Bitter,B,as1,12
OUT750,ID,L,B,Bitter,B,as1,8
OUT751,ID,L,B,Bitter,B,as1,10
OUT752,ID,L,B,Bitter,B,as1,10
OUT753,ID,L,B,non-Bitter,B,as1,9
OUT754,ID,L,B,non-Bitter,B,as1,4
OUT755,ID,L,B,Bitter,B,as1,13
OUT756,ID,L,B,Bitter,B,as1,8
OUT757,ID,L,B,Bitter,B,as1,14
OUT758,ID,L,B,Bitter,B,as1,11
OUT759,ID,L,B,Bitter,B,as1,14
OUT760,ID,L,B,Bitter,B,as1,12
OUT761,ID,L,B,Bitter,B,as1,13
OUT762,ID,L,B,Bitter,B,as1,12
OUT763,ID,L,B,Bitter,B,as1,9
OUT764,ID,L,B,Bitter,B,as1,9
OUT765,ID,L,B,Bitter,B,as1,8
OUT766,ID,L,B,Bitter,B,as1,7
OUT767,ID,L,B,Bitter,B,as1,7
OUT768,ID,L,B,non-Bitter,B,as1,4
OUT769,ID,L,B,non-Bitter,B,as1,8
OUT770,ID,L,B,non-Bitter,B,as1,11
OUT771,ID,L,B,non-Bitter,B,as1,4
OUT772,ID,L,B,non-Bitter,B,as1,9
OUT773,ID,L,B,Bitter,B,as1,7
OUT774,ID,L,B,Bitter,B,as1,11
OUT775,ID,L,B,non-Bitter,B,as1,5
OUT776,ID,L,B,Bitter,B,as1,6
OUT777,ID,L,B,Bitter,B,as1,9